,Barcode,Cluster
13,AAAGTAGCAGCGTAAG-1,CS
18,AAATGCCGTACCTACA-1,SC1
20,AACACGTGTCGCTTCT-1,CS
22,AACCATGAGATCCGAG-1,CS
24,AACCGCGCAGGATCGA-1,CS
28,AACGTTGTCTGCCAGG-1,CS
29,AACTCAGCAATGGTCT-1,CS
31,AACTCAGTCGACGGAA-1,CS
43,AAGCCGCAGTTCGCAT-1,CS
47,AAGGTTCTCTTCGAGA-1,CS
54,AATCGGTCAGGGAGAG-1,SC1
55,AATCGGTGTATAGTAG-1,SC1
58,ACACCAATCGCTTAGA-1,CS
60,ACACCCTGTAGGACAC-1,CS
71,ACAGCCGGTTTGCATG-1,CS
72,ACAGCTAAGGACATTA-1,SC1
74,ACATACGAGAAGGCCT-1,CS
76,ACATACGAGATGGGTC-1,CS
83,ACCAGTAAGGCTCTTA-1,CS
86,ACCGTAATCCGCATCT-1,CS
87,ACCTTTACAGACGCTC-1,SC1
98,ACGATGTTCCTGCAGG-1,CS
99,ACGCAGCAGACAGGCT-1,CS
101,ACGCCAGTCACGCGGT-1,SC1
102,ACGCCGAAGACCTTTG-1,SC1
103,ACGCCGAGTACTCAAC-1,CS
106,ACGGAGACAATGGAGC-1,CS
107,ACGGAGACATCTACGA-1,CS
109,ACGGGTCTCTCTTGAT-1,CS
118,ACTGCTCCACAGACAG-1,SC1
124,ACTTACTTCCTTGGTC-1,SC1
126,ACTTGTTAGGGCTTCC-1,CS
129,AGAATAGAGGGAAACA-1,CS
131,AGAATAGGTGTCTGAT-1,CS
135,AGATCTGAGACATAAC-1,CS
139,AGCAGCCGTTACCGAT-1,CS
142,AGCCTAAAGAGGTAGA-1,CS
144,AGCGGTCTCCGTAGGC-1,CS
145,AGCGGTCTCGTACGGC-1,CS
148,AGCGTATCAATGAATG-1,CS
150,AGCGTCGAGCCGGTAA-1,CS
154,AGCTCTCAGGTGACCA-1,CS
155,AGCTCTCGTACCATCA-1,CS
158,AGCTTGAAGACCGGAT-1,CS
159,AGCTTGACACAAGACG-1,CS
160,AGGCCACGTAGCAAAT-1,SC1
173,AGTAGTCCAGGCTCAC-1,CS
177,AGTCTTTAGTGTTGAA-1,CS
182,AGTGAGGGTGGAAAGA-1,CS
188,AGTGGGACATCTCGCT-1,CS
192,AGTGTCAGTGTGCCTG-1,CS
196,AGTTGGTGTAAGGGCT-1,CS
198,AGTTGGTTCCCTCTTT-1,CS
200,ATAACGCTCACTCCTG-1,SC1
201,ATAACGCTCCGGGTGT-1,CS
206,ATAGACCGTTCCACGG-1,CS
209,ATCACGATCTTCGAGA-1,CS
212,ATCATCTGTACCCAAT-1,SC1
213,ATCATCTGTCCCTACT-1,CS
230,ATCTGCCGTTACGACT-1,CS
232,ATGAGGGCATCCTTGC-1,CS
233,ATGCGATAGACAGGCT-1,CS
237,ATGTGTGTCGTCGTTC-1,CS
238,ATGTGTGTCTCCAGGG-1,CS
239,ATTACTCGTGCCTTGG-1,CS
243,ATTATCCGTTCTGGTA-1,CS
246,ATTCTACTCGGCGGTT-1,CS
247,ATTGGACGTTAAGTAG-1,CS
249,ATTTCTGGTGAGGCTA-1,CS
262,CAAGAAATCTAACTGG-1,CS
264,CAAGGCCAGCGAAGGG-1,CS
265,CAAGGCCAGTACCGGA-1,SC1
269,CAAGTTGTCTGTTTGT-1,CS
270,CACAAACAGACGCACA-1,CS
274,CACACAAAGAGATGAG-1,CS
275,CACACAAGTGTCTGAT-1,CS
277,CACACTCAGGATATAC-1,CS
285,CACAGTAGTTCCGGCA-1,CS
286,CACAGTATCTTGTATC-1,CS
287,CACATAGAGTACGCGA-1,SC1
293,CACCACTAGCTATGCT-1,SC1
297,CACCACTTCTACTATC-1,CS
307,CAGAATCGTGCTGTAT-1,CS
311,CAGATCATCAAGCCTA-1,CS
312,CAGCAGCAGCGATCCC-1,CS
318,CAGCCGAAGAGGTTAT-1,CS
326,CAGCTGGGTCTTGATG-1,CS
327,CAGTAACAGCAGCCTC-1,CS
331,CAGTCCTCAGGGTACA-1,CS
335,CATATTCCAAGACGTG-1,CS
336,CATATTCGTCTCACCT-1,CS
340,CATCAAGGTACCATCA-1,CS
358,CATTATCTCTGGTGTA-1,CS
366,CCAATCCTCTGTCTAT-1,SC1
367,CCACCTAAGACTAGGC-1,SC1
370,CCACCTATCTACCAGA-1,CS
373,CCAGCGAGTCTCTTTA-1,CS
375,CCAGCGATCCAGAGGA-1,SC1
376,CCATGTCAGATCCTGT-1,CS
380,CCATTCGCACTCAGGC-1,CS
386,CCCAGTTGTCTAGGTT-1,CS
387,CCCAGTTTCATGTGGT-1,CS
389,CCCAGTTTCGCCTGAG-1,CS
391,CCCATACAGTGACATA-1,CS
392,CCCTCCTAGTGTTGAA-1,CS
394,CCCTCCTGTACCATCA-1,CS
396,CCGGGATCATCCGGGT-1,SC1
401,CCGTACTCAGACGCTC-1,CS
405,CCTAAAGGTCTTCTCG-1,CS
410,CCTCAGTAGCTTCGCG-1,CS
414,CCTCTGACAGGTTTCA-1,CS
417,CCTTACGGTACGAAAT-1,CS
420,CCTTCGATCACATACG-1,SC1
422,CCTTTCTGTGATAAGT-1,CS
423,CCTTTCTTCTGCGTAA-1,CS
425,CGAATGTAGACTAGGC-1,CS
428,CGAATGTTCGCCCTTA-1,CS
432,CGACTTCGTTGGTAAA-1,CS
438,CGAGCACGTCTGCGGT-1,CS
440,CGAGCACTCATAGCAC-1,CS
447,CGATGGCCATGACGGA-1,CS
449,CGATGTATCATAAAGG-1,CS
452,CGCCAAGCATGACGGA-1,CS
453,CGCGGTAAGTGCTGCC-1,CS
457,CGCGTTTTCACAAACC-1,CS
461,CGCTGGACATCTGGTA-1,SC1
464,CGCTTCACATTTCACT-1,CS
467,CGGACACGTCATACTG-1,SC1
472,CGGACGTGTACATGTC-1,CS
481,CGGAGTCTCCAAACAC-1,CS
482,CGGCTAGCAGCCAATT-1,CS
485,CGGGTCAAGTCGTTTG-1,CS
496,CGTCACTAGTGACTCT-1,CS
498,CGTCAGGCATTCCTCG-1,CS
504,CGTCTACAGCGATTCT-1,CS
511,CGTGAGCGTTCCCGAG-1,CS
514,CGTGTAAGTGGTTTCA-1,CS
517,CGTGTCTCACCTGGTG-1,CS
520,CGTTAGAGTGACCAAG-1,CS
531,CTAACTTCAACTGCGC-1,CS
533,CTAACTTCAGTGGAGT-1,CS
534,CTAAGACAGGGAGTAA-1,CS
539,CTAATGGCACGAAGCA-1,CS
541,CTAATGGGTGGCCCTA-1,CS
542,CTACACCCATGGTCAT-1,CS
543,CTACACCGTCCGAATT-1,SC1
550,CTACCCACAACGATCT-1,SC1
555,CTACGTCAGCAGCCTC-1,CS
559,CTAGAGTCAAGCGATG-1,CS
560,CTAGAGTTCGCAAACT-1,CS
567,CTCAGAACATCTCGCT-1,CS
569,CTCATTAGTGTCGCTG-1,CS
570,CTCCTAGAGTAGGTGC-1,SC1
571,CTCGAAAGTCAGCTAT-1,CS
572,CTCGAAAGTTTACTCT-1,CS
573,CTCGAAATCGGCCGAT-1,CS
587,CTCTAATGTGTTTGGT-1,CS
588,CTCTAATTCAGGTTCA-1,SC1
594,CTCTGGTAGTGGTAAT-1,SC1
597,CTCTGGTTCACGCATA-1,CS
599,CTGAAACAGTCCTCCT-1,CS
611,CTGCGGAGTTACGGAG-1,CS
618,CTTAACTAGCCCGAAA-1,CS
632,CTTTGCGGTACTTCTT-1,CS
640,GAACATCCAAACTGCT-1,CS
649,GAAGCAGAGTCAAGGC-1,CS
650,GAAGCAGGTCAAAGAT-1,SC1
652,GAATAAGCACAGTCGC-1,CS
656,GACACGCCATGCATGT-1,CS
658,GACACGCTCTCTTATG-1,SC1
659,GACAGAGCAATTGCTG-1,CS
661,GACAGAGTCACCGTAA-1,CS
662,GACCAATAGACAAGCC-1,CS
664,GACCAATGTTATCCGA-1,CS
669,GACGCGTGTGGTCTCG-1,CS
671,GACGGCTAGCCCAACC-1,CS
672,GACGGCTAGGATGTAT-1,CS
673,GACGGCTCAATGCCAT-1,CS
674,GACGTGCAGAGGGATA-1,CS
680,GACTACAGTCTGGAGA-1,CS
683,GACTGCGCACGTTGGC-1,CS
687,GAGCAGACATCCCACT-1,CS
688,GAGCAGAGTTCACCTC-1,CS
690,GAGCAGATCCGAATGT-1,CS
698,GATCAGTCAATGACCT-1,CS
704,GATCGCGAGAGATGAG-1,CS
706,GATCGCGGTCAGAATA-1,CS
708,GATCGTAAGTGACATA-1,CS
709,GATCGTACAAACCCAT-1,CS
712,GATCTAGAGATCCCGC-1,CS
724,GATTCAGCAGCTCGCA-1,CS
729,GCAATCAGTGTGAATA-1,CS
731,GCACATACATGAACCT-1,CS
734,GCACATATCTTCGAGA-1,CS
737,GCACTCTCATGCCCGA-1,CS
739,GCAGCCACAATACGCT-1,CS
743,GCAGCCATCCAGATCA-1,CS
754,GCCAAATCATCGGACC-1,SC1
757,GCCAAATTCTCACATT-1,CS
759,GCCTCTACAACACCTA-1,CS
767,GCGCAACGTTCCTCCA-1,CS
769,GCGCAGTCAAGTTAAG-1,CS
774,GCGCCAATCCTTTCGG-1,CS
776,GCGCGATGTTCCACTC-1,CS
781,GCTCCTATCTACCTGC-1,CS
783,GCTCTGTAGCGTTCCG-1,CS
787,GCTCTGTGTCATCCCT-1,CS
789,GCTCTGTTCACGACTA-1,SC1
798,GCTGGGTGTAGCGCAA-1,CS
799,GCTGGGTGTTATTCTC-1,SC1
802,GCTTGAATCGGAAACG-1,CS
808,GGAACTTTCATGTCCC-1,CS
821,GGACATTTCAACGAAA-1,CS
823,GGACGTCGTCCGACGT-1,CS
824,GGACGTCTCGGACAAG-1,CS
826,GGAGCAACAGCCACCA-1,CS
836,GGCCGATCACCTATCC-1,CS
837,GGCCGATGTATTCTCT-1,CS
838,GGCCGATGTCGTGGCT-1,SC1
842,GGCGTGTCAGCTGTAT-1,CS
843,GGCTCGAAGCAGCCTC-1,CS
845,GGCTCGACACAGACTT-1,SC1
866,GGGTTGCCAGCCTATA-1,CS
875,GGTGCGTTCGAATCCA-1,CS
879,GGTGTTAGTGTAAGTA-1,CS
880,GGTGTTAGTTACGGAG-1,CS
883,GTAACGTAGTGAATTG-1,CS
885,GTAACGTGTCTTGCGG-1,CS
886,GTAACTGAGACCACGA-1,CS
887,GTAACTGTCGTAGATC-1,CS
894,GTACTTTGTACCGCTG-1,CS
899,GTAGGCCAGCGATGAC-1,CS
902,GTATCTTTCAGTCAGT-1,CS
905,GTCAAGTCATACGCTA-1,CS
906,GTCAAGTTCGGTTCGG-1,CS
910,GTCGGGTCAGGTCTCG-1,CS
912,GTCGGGTGTAGCGATG-1,CS
915,GTCTTCGCACTCAGGC-1,CS
921,GTGAAGGGTTGGTAAA-1,CS
922,GTGAAGGTCTTCGAGA-1,CS
923,GTGCAGCCACATCCAA-1,CS
934,GTGTTAGGTCCATCCT-1,SC1
936,GTGTTAGTCTCTGTCG-1,CS
939,GTTAAGCGTGGTTTCA-1,SC1
944,GTTCGGGAGGGAAACA-1,CS
945,GTTCGGGCAAGCTGTT-1,CS
951,GTTTCTATCCGCGGTA-1,CS
953,GTTTCTATCTGGCGTG-1,CS
954,TAAACCGAGTATCGAA-1,SC1
955,TAAACCGCATCCTAGA-1,CS
956,TAAACCGGTGATAAGT-1,SC1
967,TACAGTGTCAACACAC-1,CS
969,TACCTATGTTCGTGAT-1,CS
971,TACCTTATCCGCAGTG-1,CS
972,TACGGATCACCGCTAG-1,CS
976,TACGGTAAGCAATCTC-1,CS
979,TACTCATAGATCTGCT-1,SC1
988,TACTTGTTCAGCACAT-1,CS
990,TAGACCAAGGGTTTCT-1,CS
994,TAGAGCTCACGTTGGC-1,CS
997,TAGGCATTCGGCGGTT-1,CS
1002,TAGTTGGGTCCGTTAA-1,CS
1008,TATCTCATCCATGAAC-1,CS
1016,TCAACGATCCAAGCCG-1,CS
1020,TCACAAGGTCGTGGCT-1,SC1
1026,TCACGAATCAATCACG-1,CS
1027,TCACGAATCACAACGT-1,CS
1036,TCAGGATGTCTTCTCG-1,CS
1037,TCAGGTAGTGACCAAG-1,CS
1039,TCATTACTCAACACTG-1,CS
1041,TCATTTGGTCTTCTCG-1,SC1
1048,TCGAGGCCAAGCCGCT-1,SC1
1055,TCGCGTTCACCGCTAG-1,CS
1058,TCGGGACGTCACTTCC-1,CS
1064,TCGGTAATCCGCTGTT-1,CS
1066,TCGTACCCAGCCTATA-1,CS
1069,TCGTAGACAATCTACG-1,CS
1074,TCTATTGGTAAGTGGC-1,CS
1077,TCTATTGTCGCCGTGA-1,CS
1082,TCTCTAATCTGTCTCG-1,CS
1083,TCTGAGAAGCTAGTGG-1,CS
1090,TCTTTCCGTCGCATCG-1,CS
1093,TGAAAGAAGTGGAGTC-1,CS
1094,TGAAAGACATGCAATC-1,SC1
1096,TGAAAGAGTCTTGCGG-1,CS
1098,TGACAACCATACTCTT-1,CS
1099,TGACAACCATTACGAC-1,CS
1101,TGACGGCCATCTCCCA-1,CS
1103,TGACTAGGTCATATGC-1,CS
1112,TGAGCATAGAATTCCC-1,CS
1116,TGAGCATCATCGGGTC-1,CS
1117,TGAGCATGTTTGGCGC-1,CS
1122,TGAGGGAGTAAGTTCC-1,CS
1123,TGATTTCAGAATTGTG-1,CS
1124,TGATTTCAGCTAGTCT-1,CS
1130,TGCACCTAGTTCCACA-1,CS
1133,TGCACCTTCCAATGGT-1,CS
1135,TGCCAAACAGCTATTG-1,CS
1139,TGCCCTAAGTCCTCCT-1,SC1
1140,TGCGCAGAGTGTACCT-1,SC1
1142,TGCGGGTTCGTAGATC-1,CS
1143,TGCGTGGAGCGAAGGG-1,SC1
1152,TGGACGCCACCCAGTG-1,SC1
1154,TGGCGCAAGGCATGTG-1,CS
1163,TGGTTCCGTGCTCTTC-1,CS
1165,TGTCCCAAGAATTCCC-1,CS
1167,TGTGGTAAGTCTCCTC-1,CS
1171,TGTTCCGGTCCAGTTA-1,SC1
1174,TTAACTCGTATATGAG-1,CS
1184,TTCCCAGAGATATACG-1,CS
1185,TTCCCAGAGCCAGAAC-1,CS
1186,TTCCCAGCATAACCTG-1,CS
1187,TTCCCAGTCAGCGACC-1,SC1
1191,TTCGAAGAGACTGGGT-1,CS
1198,TTCGGTCTCACATAGC-1,CS
1199,TTCGGTCTCCAATGGT-1,CS
1203,TTCTACATCTTGCATT-1,SC1
1215,TTGGAACCAGACGCCT-1,CS
1216,TTGGAACGTAAGTGTA-1,SC1
1218,TTGGAACTCGAGAACG-1,CS
1221,TTGTAGGCACCGAATT-1,CS
1222,TTGTAGGGTCACAAGG-1,SC1
1224,TTTACTGAGGCAAAGA-1,CS
1225,TTTACTGCACCAGGTC-1,SC1
1232,TTTGGTTAGTCCAGGA-1,CS
1233,TTTGGTTGTATCTGCA-1,CS
1241,AAACCTGTCGCGTAGC-2,CS
1243,AAACGGGAGCACAGGT-2,CS
1248,AAAGCAACAAGCTGAG-2,CS
1249,AAAGCAACAGCCTTGG-2,CS
1250,AAAGTAGCACAGAGGT-2,CS
1256,AACACGTTCCACGACG-2,SC1
1259,AACCATGGTGCACTTA-2,CS
1272,AAGACCTCAGGACCCT-2,CS
1274,AAGACCTGTTGGAGGT-2,CS
1281,AAGGTTCGTTTGCATG-2,CS
1282,AAGGTTCTCAGGCCCA-2,CS
1286,AAGTCTGTCAATAAGG-2,SC1
1287,AATCCAGAGATGTGGC-2,CS
1288,AATCCAGAGCCAGAAC-2,CS
1290,AATCCAGCAAGAAGAG-2,CS
1291,AATCCAGTCATGCTCC-2,SC1
1295,ACACCAATCGTCTGAA-2,CS
1299,ACACCGGAGGGCACTA-2,SC1
1302,ACACTGAAGGCTAGGT-2,SC1
1307,ACAGCTAAGGCCCTCA-2,CS
1319,ACATGGTGTTATCACG-2,SC1
1320,ACATGGTTCCGAAGAG-2,SC1
1325,ACCCACTCATATGAGA-2,SC1
1334,ACGAGGAGTAGGGACT-2,SC1
1340,ACGATGTAGCCTTGAT-2,CS
1343,ACGATGTTCCGCTGTT-2,CS
1344,ACGCAGCAGCCACGTC-2,CS
1346,ACGCAGCGTGGTACAG-2,CS
1349,ACGGAGAGTAGGCTGA-2,CS
1352,ACGGCCATCCAAACAC-2,CS
1353,ACGGCCATCGGAGCAA-2,CS
1361,ACTATCTGTATGAAAC-2,SC1
1369,ACTGCTCAGCCCAATT-2,SC1
1375,ACTTACTAGCTCCCAG-2,SC1
1381,ACTTTCAGTGCACTTA-2,SC1
1383,AGAATAGAGATGTCGG-2,SC1
1385,AGAATAGTCCATTCTA-2,CS
1387,AGACGTTAGGCGTACA-2,CS
1388,AGACGTTAGGTCGGAT-2,CS
1389,AGACGTTCAGATCCAT-2,CS
1390,AGAGCGATCTCTAAGG-2,CS
1394,AGAGTGGGTACCGAGA-2,SC1
1405,AGCGTATGTATGCTTG-2,CS
1406,AGCGTATTCAGGATCT-2,CS
1408,AGCTCCTGTACAGTGG-2,CS
1410,AGCTCCTTCAACTCTT-2,CS
1411,AGCTCCTTCATAACCG-2,SC1
1413,AGCTCTCCAGTGACAG-2,SC1
1421,AGGGTGAAGGTACTCT-2,CS
1422,AGGGTGAAGTGTTGAA-2,CS
1425,AGGGTGATCCTTCAAT-2,CS
1433,AGTAGTCTCTTATCTG-2,CS
1446,ATAACGCAGCGAGAAA-2,CS
1451,ATAACGCGTCGGCTCA-2,CS
1454,ATAAGAGCATGGTTGT-2,CS
1458,ATAGACCTCGGATGTT-2,CS
1459,ATAGACCTCTGCGGCA-2,CS
1463,ATCACGATCCTCTAGC-2,CS
1464,ATCATCTCATGCTGGC-2,CS
1466,ATCATCTGTGACCAAG-2,CS
1469,ATCATGGCAAGAGTCG-2,CS
1470,ATCCACCAGACTAGAT-2,SC1
1473,ATCCGAAGTGCCTTGG-2,CS
1479,ATCTACTGTAATAGCA-2,CS
1483,ATGAGGGTCTGGGCCA-2,CS
1488,ATGGGAGGTGGGTCAA-2,CS
1491,ATTACTCCATTAGGCT-2,CS
1494,ATTACTCGTAATCACC-2,CS
1496,ATTATCCTCACGCGGT-2,SC1
1497,ATTCTACGTCTAAACC-2,SC1
1505,ATTTCTGCAGATCGGA-2,CS
1509,CAACCAAGTTGGGACA-2,CS
1514,CAACCTCTCTGGCGAC-2,CS
1516,CAACTAGGTCTCACCT-2,CS
1518,CAACTAGGTTTACTCT-2,CS
1520,CAAGAAACAGCGTAAG-2,SC1
1523,CAAGATCCAAGCCATT-2,CS
1527,CAAGGCCGTATAGGTA-2,CS
1530,CAAGTTGGTTGTGGCC-2,CS
1531,CAAGTTGTCCCTGACT-2,SC1
1533,CACACAAAGACAATAC-2,SC1
1542,CACAGGCAGCTATGCT-2,SC1
1544,CACAGGCGTTATCGGT-2,CS
1545,CACAGGCTCTCGAGTA-2,CS
1553,CACATTTGTTACCGAT-2,CS
1565,CACTCCAGTCCAAGTT-2,CS
1569,CAGAATCGTAAACCTC-2,CS
1571,CAGAATCTCCTGCCAT-2,CS
1572,CAGAGAGAGAACAACT-2,CS
1576,CAGATCAAGTCCCACG-2,CS
1583,CAGCATAGTAGCACGA-2,CS
1588,CAGCCGAAGATCGATA-2,CS
1592,CAGCCGACATCACGAT-2,CS
1597,CAGCTGGGTACGCACC-2,CS
1601,CAGGTGCCATGTCTCC-2,CS
1603,CAGGTGCTCGCACTCT-2,SC1
1604,CAGTAACAGGAGCGAG-2,CS
1609,CATATGGTCCTTTCTC-2,CS
1616,CATCAGAAGTGTTTGC-2,CS
1619,CATCAGATCAGGTTCA-2,SC1
1621,CATCAGATCCGAATGT-2,SC1
1622,CATCCACGTGTGGTTT-2,SC1
1625,CATCGAAGTTTGGCGC-2,CS
1635,CATGACAGTTCCGGCA-2,SC1
1641,CATGGCGAGCAAATCA-2,SC1
1647,CCAATCCGTCTTGATG-2,CS
1648,CCAATCCGTTGCTCCT-2,CS
1653,CCACGGAAGCCAGTAG-2,SC1
1656,CCACGGACACCAGATT-2,SC1
1660,CCACTACAGCCACGTC-2,SC1
1661,CCACTACCAATACGCT-2,CS
1663,CCATGTCGTACAGTTC-2,SC1
1666,CCATTCGAGAGTACCG-2,CS
1669,CCCAATCCACCAGGCT-2,SC1
1670,CCCAATCGTACAAGTA-2,SC1
1675,CCCAGTTCAAGGGTCA-2,CS
1678,CCCAGTTGTTTGGGCC-2,SC1
1679,CCCAGTTTCGCGCCAA-2,CS
1681,CCCATACAGAGTCGGT-2,CS
1684,CCCATACGTCGTCTTC-2,CS
1685,CCCTCCTGTCTGCAAT-2,SC1
1690,CCGTACTAGGTGATAT-2,CS
1692,CCGTACTGTGCCTGGT-2,SC1
1693,CCGTACTTCGCCCTTA-2,CS
1699,CCGTTCAGTCTAGCCG-2,SC1
1702,CCTACACCAGCTGTAT-2,SC1
1709,CCTACCACATCTCCCA-2,CS
1712,CCTACCAGTTTGCATG-2,CS
1725,CCTCTGAAGAGTACCG-2,CS
1729,CCTCTGATCCCAAGAT-2,CS
1733,CCTTACGCATGCCTAA-2,CS
1734,CCTTCCCAGACTACAA-2,CS
1743,CGAACATTCGCCATAA-2,SC1
1745,CGAATGTCAAGTCATC-2,SC1
1747,CGACCTTAGCTAAACA-2,CS
1750,CGACCTTTCAGGTTCA-2,CS
1752,CGACTTCTCGGTGTTA-2,CS
1759,CGAGCACGTTCGCTAA-2,SC1
1776,CGATTGACAACCGCCA-2,SC1
1777,CGATTGAGTCAAACTC-2,CS
1779,CGCCAAGAGGGCTTCC-2,SC1
1785,CGCTGGAAGACAGACC-2,SC1
1795,CGGGTCACACTTAAGC-2,SC1
1796,CGGGTCACAGAAGCAC-2,CS
1799,CGTAGCGAGGAATGGA-2,CS
1801,CGTAGCGGTCCTCTTG-2,CS
1802,CGTAGGCAGTCGTTTG-2,CS
1809,CGTCAGGGTGGTACAG-2,CS
1812,CGTCCATGTAAATACG-2,CS
1813,CGTCTACCACTCAGGC-2,CS
1816,CGTCTACTCAACGAAA-2,CS
1826,CGTTCTGGTGCTTCTC-2,SC1
1837,CTAATGGCACATCTTT-2,CS
1838,CTAATGGGTCTTGCGG-2,SC1
1841,CTACACCCAGCGTAAG-2,CS
1844,CTACCCAAGGTCATCT-2,SC1
1845,CTACCCATCCAGAAGG-2,CS
1846,CTACGTCCAGCGTTCG-2,CS
1849,CTAGAGTAGATCCCAT-2,SC1
1850,CTAGAGTCATCATCCC-2,CS
1851,CTAGAGTGTATAATGG-2,SC1
1854,CTAGCCTTCTATCCCG-2,CS
1858,CTCACACCATTGAGCT-2,CS
1869,CTCGGAGAGCCACCTG-2,CS
1871,CTCGGAGGTTCACGGC-2,CS
1874,CTCGTACCATCGACGC-2,CS
1875,CTCGTCAAGCCCGAAA-2,SC1
1877,CTCGTCATCATGCATG-2,SC1
1880,CTCTAATAGTCGTACT-2,SC1
1882,CTCTAATCAGTAAGCG-2,SC1
1887,CTCTGGTTCGGCCGAT-2,CS
1888,CTGAAACCACTCGACG-2,CS
1890,CTGAAACCAGAAGCAC-2,SC1
1894,CTGAAACTCTACTATC-2,CS
1897,CTGATAGAGGGAACGG-2,CS
1898,CTGATAGCAGGCTCAC-2,CS
1907,CTGGTCTCATTGGGCC-2,CS
1913,CTGTGCTCACGACTCG-2,CS
1914,CTGTGCTTCCCTAACC-2,SC1
1920,CTTAACTTCCAGGGCT-2,SC1
1926,CTTCTCTGTACGACCC-2,CS
1932,CTTTGCGAGAGGTACC-2,CS
1936,GAACATCGTACATGTC-2,CS
1938,GAACCTAAGTCGATAA-2,SC1
1941,GAACCTATCGCGATCG-2,CS
1942,GAACCTATCTGCTTGC-2,CS
1944,GAACGGACACTTGGAT-2,CS
1946,GAACGGATCTTGAGGT-2,CS
1948,GAATAAGCAATCGGTT-2,CS
1949,GAATAAGCACGCGAAA-2,CS
1955,GACACGCAGATGTAAC-2,SC1
1956,GACACGCAGTTTGCGT-2,CS
1957,GACACGCGTGAGGGTT-2,SC1
1962,GACAGAGTCGCTTGTC-2,CS
1968,GACGCGTTCGAATCCA-2,SC1
1969,GACGGCTAGTCTTGCA-2,CS
1970,GACGTGCAGCGATGAC-2,CS
1973,GACGTGCGTGCTCTTC-2,CS
1977,GACGTTACAGCTGTGC-2,CS
1996,GAGGTGAGTTCGCTAA-2,SC1
1997,GAGGTGAGTTGGTTTG-2,CS
2001,GATCAGTGTTCGTGAT-2,CS
2005,GATCGTAAGACAAGCC-2,CS
2011,GATGAGGAGTTGTCGT-2,CS
2012,GATGCTACAGGGAGAG-2,CS
2027,GCACATAGTGAAGGCT-2,SC1
2030,GCACTCTAGTTAACGA-2,SC1
2036,GCAGCCACACCCATGG-2,CS
2038,GCAGCCACAGTGGGAT-2,CS
2040,GCAGCCATCTTTAGGG-2,CS
2049,GCATGCGTCACGGTTA-2,CS
2059,GCGACCATCCGCAGTG-2,CS
2060,GCGAGAAAGTAAGTAC-2,CS
2062,GCGAGAACATGAACCT-2,CS
2063,GCGAGAATCTTGTACT-2,CS
2067,GCGCGATAGTGCGATG-2,CS
2071,GCGCGATCAGGACCCT-2,CS
2077,GCTCCTAGTAGCGCTC-2,CS
2079,GCTCCTATCGGTCCGA-2,SC1
2090,GCTGCGAGTCCATGAT-2,CS
2091,GCTGCGATCCACGACG-2,CS
2101,GGAAAGCGTAGCGCAA-2,SC1
2103,GGAAAGCGTCAATGTC-2,SC1
2106,GGAATAAGTTGTCGCG-2,CS
2109,GGACAGACAAGAAGAG-2,SC1
2110,GGACAGACAAGGACAC-2,CS
2113,GGAGCAACATGTTGAC-2,CS
2114,GGAGCAAGTGTCAATC-2,CS
2117,GGATTACAGGTGCACA-2,SC1
2120,GGCAATTCAGGGTATG-2,SC1
2141,GGGACCTTCTGATACG-2,CS
2145,GGGATGAGTCACTTCC-2,SC1
2154,GGGCATCCATGGAATA-2,SC1
2159,GGGTCTGTCAGCAACT-2,CS
2162,GGGTTGCGTGATGTGG-2,SC1
2164,GGTATTGAGGAACTGC-2,SC1
2172,GGTGCGTCAGTTCATG-2,CS
2173,GGTGCGTGTGTAATGA-2,SC1
2175,GTAACTGCATGTCCTC-2,SC1
2177,GTACGTACAAACAACA-2,CS
2179,GTACGTAGTGCAACTT-2,CS
2180,GTACGTATCATGTCCC-2,CS
2186,GTAGGCCGTCGCTTCT-2,SC1
2187,GTAGGCCGTGAAATCA-2,CS
2193,GTAGTCAGTATAGGTA-2,SC1
2209,GTCGGGTGTCGTTGTA-2,CS
2212,GTCTCGTGTCTAAAGA-2,CS
2213,GTCTTCGAGGGTATCG-2,SC1
2217,GTGCAGCCAAGGGTCA-2,CS
2218,GTGCAGCTCGACCAGC-2,CS
2222,GTGCGGTGTCGCATCG-2,SC1
2225,GTGCTTCAGCGATCCC-2,SC1
2226,GTGCTTCCACAGGAGT-2,CS
2230,GTGGGTCTCTCTTGAT-2,SC1
2231,GTGTGCGCAAATTGCC-2,SC1
2233,GTGTTAGAGTGGTAGC-2,CS
2236,GTTACAGCAGCCAGAA-2,SC1
2237,GTTACAGGTACTTCTT-2,CS
2243,GTTCGGGCAGTCACTA-2,SC1
2246,GTTCGGGTCTCTGTCG-2,CS
2248,GTTCTCGGTTCGAATC-2,SC1
2254,TAAGAGACAATGAAAC-2,CS
2268,TACAGTGAGATCCCGC-2,CS
2270,TACCTATCACAGGTTT-2,CS
2272,TACCTTAAGATCTGCT-2,CS
2276,TACGGGCAGAGGTTAT-2,SC1
2283,TACTCATCAACTTGAC-2,SC1
2288,TACTTACCATTTGCTT-2,CS
2289,TACTTACGTAGCTTGT-2,SC1
2291,TACTTGTAGCGTCAAG-2,SC1
2297,TAGACCACACAGAGGT-2,CS
2301,TAGAGCTCATGCCTAA-2,SC1
2305,TAGCCGGGTGTTCTTT-2,CS
2319,TATCAGGCAGTATCTG-2,CS
2320,TATCAGGCATATGAGA-2,SC1
2321,TATCTCACAGCGATCC-2,CS
2324,TATGCCCCACCTCGTT-2,CS
2327,TATGCCCGTTCGCTAA-2,SC1
2331,TATTACCCACAAGCCC-2,SC1
2337,TCAACGATCGGCTTGG-2,CS
2343,TCACAAGTCACCACCT-2,CS
2348,TCACGAAGTTGATTCG-2,SC1
2351,TCAGATGTCCAATGGT-2,CS
2352,TCAGCAAAGCTAGTCT-2,CS
2354,TCAGCAAGTATGCTTG-2,CS
2355,TCAGCTCGTCGACTAT-2,CS
2363,TCATTTGAGTTAGCGG-2,CS
2366,TCATTTGTCACCGGGT-2,SC1
2371,TCCCGATTCAGCTCGG-2,CS
2373,TCGAGGCAGATGTGTA-2,SC1
2383,TCGGGACCAGTCAGCC-2,CS
2393,TCTGAGACATTCCTGC-2,CS
2398,TCTGGAAAGAATCTCC-2,CS
2402,TCTTCGGAGTTCGCAT-2,SC1
2408,TGAAAGAAGTCGTACT-2,CS
2420,TGAGCATTCTGTACGA-2,CS
2429,TGATTTCAGGCACATG-2,CS
2432,TGCCAAAAGAAGGTTT-2,CS
2436,TGCCCTAAGACAGACC-2,CS
2441,TGCGCAGGTGCCTGCA-2,CS
2442,TGCGCAGTCATGTCTT-2,SC1
2443,TGCGCAGTCGCCATAA-2,CS
2453,TGCTACCTCCGCGGTA-2,CS
2454,TGCTACCTCTCCTATA-2,CS
2461,TGGCGCACATGCAACT-2,CS
2469,TGGGCGTGTACCTACA-2,SC1
2471,TGGTTAGTCGGACAAG-2,CS
2475,TGTCCCAAGTGGTAAT-2,SC1
2480,TGTGGTATCATGTGGT-2,CS
2481,TGTGGTATCTACCAGA-2,SC1
2484,TGTGTTTTCCGTTGTC-2,CS
2491,TTAGGACTCTCACATT-2,SC1
2493,TTAGGCACATGTAGTC-2,CS
2501,TTATGCTTCAGCTTAG-2,CS
2502,TTATGCTTCTTGTACT-2,CS
2512,TTCTCAAGTGCGAAAC-2,CS
2518,TTCTTAGTCACGCATA-2,CS
2519,TTGAACGCAATGGAAT-2,CS
2522,TTGAACGGTGTGACGA-2,SC1
2523,TTGAACGTCACCGTAA-2,CS
2530,TTGCGTCAGAGATGAG-2,SC1
2532,TTGGCAATCAAGATCC-2,CS
2533,TTTACTGTCTATCCCG-2,CS
2537,TTTATGCTCCGCATCT-2,SC1
2539,TTTCCTCGTGACCAAG-2,CS
2541,TTTGCGCAGATGCCTT-2,CS
2546,TTTGGTTGTCCAAGTT-2,SC1
2550,TTTGTCAGTCCAGTTA-2,CS
2551,TTTGTCATCTGTCCGT-2,SC1
2552,TTTGTCATCTTTCCTC-2,CS
